feature,importance
series,311.4013366699219
encoder_length,16.002544403076172
y_center,19.777042388916016
y_scale,29.81909942626953
