feature,importance
day_of_week,8.55495834350586
month,30.756868362426758
time_idx,324.966796875
relative_time_idx,12.721403121948242
