feature,importance
day_of_week,14.509319305419922
month,39.47653579711914
time_idx,303.46240234375
relative_time_idx,17.551746368408203
