feature,importance
series,122.95692443847656
encoder_length,15.594026565551758
y_center,189.84356689453125
y_scale,46.60543441772461
