feature,importance
series,296.08935546875
encoder_length,13.039925575256348
y_center,22.711841583251953
y_scale,45.158878326416016
