feature,importance
day_of_week,9.636869430541992
month,79.16448974609375
time_idx,274.6153564453125
relative_time_idx,13.583290100097656
