bank,crisis_threshold,n_crisis_days,n_normal_days,normal_mae,crisis_mae,crisis_normal_ratio,normal_bias,crisis_bias
BID,0.023418236416977503,38,339,0.010188335341883688,0.026165459684141176,2.568178098396154,0.0097010664831762,-0.026165459684141176
CTG,0.02465783995187239,38,337,0.01055677010063203,0.02316421696704477,2.1942522898796417,0.00995025651889704,-0.02316421696704477
VCB,0.019940746082850565,38,339,0.008174643610886767,0.025251101978169408,3.088954476809323,0.007730436921010091,-0.025251101978169408
